COD;PROV;N2018;N2017;N2016;N2015;M2018;M2017;M2016;M2015
25001;Lleida;2;1;0;0;0;0;0;0
8001;Barcelona;165;157;175;165;687,25;613,69;603,94;558,08
25002;Lleida;5;4;5;2;0;0;0;0
25003;Lleida;80;61;67;52;328,07;305,25;312,17;318,06
8002;Barcelona;4;2;4;5;0;0;0;0
17001;Girona;18;18;17;30;462,78;431,44;463,82;349
8014;Barcelona;65;67;60;53;522,56;470,31;443,05;418,13
43001;Tarragona;11;9;8;8;384,09;400,4;386,29;445
17002;Girona;2;2;6;2;0;0;708,33;0
25038;Lleida;7;13;11;18;324,29;352,08;325,91;356,02
25004;Lleida;5;9;11;10;0;373,33;352,16;333,5
25005;Lleida;0;0;0;0;0;0;0;0
25006;Lleida;0;1;0;0;0;0;0;0
17003;Girona;0;1;1;1;0;0;0;0
25007;Lleida;28;32;33;32;362,86;344,21;308,64;331,56
25008;Lleida;4;10;5;0;0;327,5;0;0
25009;Lleida;1;0;1;2;0;0;0;0
43002;Tarragona;21;18;17;19;531,9;514,17;477,06;419,48
43003;Tarragona;1;3;0;0;0;0;0;0
17004;Girona;7;14;12;11;612,61;634,14;823,5;665,91
43004;Tarragona;96;96;61;58;351,8;348,85;301,51;303,78
25010;Lleida;0;1;0;0;0;0;0;0
25011;Lleida;130;145;145;111;372,41;350,75;340,11;333,85
25012;Lleida;38;41;70;62;376,43;375,43;340,37;342,27
43005;Tarragona;36;51;29;37;394,6;419,6;439,67;377,03
43904;Tarragona;72;52;61;42;297,78;279,53;281,79;250,83
43006;Tarragona;10;2;5;3;302;0;0;0
43007;Tarragona;5;13;10;4;0;340;376;0
8003;Barcelona;167;169;128;136;1071,34;1121,66;1025,99;1029,76
43008;Tarragona;0;2;2;0;0;0;0;0
25013;Lleida;16;11;15;18;328,13;258,59;282,4;288,55
25014;Lleida;4;2;0;3;0;0;0;0
43009;Tarragona;20;8;10;20;386,75;352,5;383,07;314,29
25015;Lleida;0;2;2;0;0;0;0;0
25016;Lleida;18;14;20;16;309,44;305,82;319,36;314,28
25017;Lleida;0;1;2;0;0;0;0;0
43010;Tarragona;4;8;3;2;0;413,75;0;0
25019;Lleida;65;60;78;62;326,85;317,25;303,76;303,06
25020;Lleida;0;1;0;0;0;0;0;0
25021;Lleida;25;15;16;10;347,6;310;335,63;368,5
43011;Tarragona;5;3;6;4;0;0;511,67;0
25022;Lleida;0;0;0;1;0;0;0;0
17006;Girona;54;47;32;30;452,39;448,72;476,66;432,47
8004;Barcelona;6;4;0;2;338,33;0;0;0
25023;Lleida;44;30;29;27;514,97;499,83;468,62;430,19
25024;Lleida;2;3;1;1;0;0;0;0
43012;Tarragona;127;117;99;100;592,88;600,21;562,62;533,6
17007;Girona;20;32;25;18;404,25;418,69;349,2;370
43013;Tarragona;64;80;69;70;356,76;366,58;397,29;357,98
8005;Barcelona;109;103;84;78;950,23;917,33;851,81;808,97
43906;Tarragona;56;75;68;38;395,89;379,2;359,69;345,32
43014;Tarragona;274;287;224;258;312,28;292,59;304,01;272,59
17008;Girona;100;104;121;102;413,15;391,11;353,31;357,88
25027;Lleida;13;10;9;10;378,26;289,59;330,56;260
25029;Lleida;12;10;4;8;266,25;260;0;288,12
43016;Tarragona;82;104;97;81;400,74;376,8;344,73;335,57
43015;Tarragona;1;3;1;1;0;0;0;0
17009;Girona;162;148;172;143;382,68;347,1;337,92;306,29
8006;Barcelona;353;319;340;359;636,02;573,18;551,53;545,76
8007;Barcelona;172;181;196;178;607,09;568,35;509,56;519,83
17010;Girona;6;3;4;3;488,33;0;0;0
8008;Barcelona;1;0;0;0;0;0;0;0
43017;Tarragona;0;0;0;2;0;0;0;0
8009;Barcelona;203;214;177;193;754,79;685,8;637,94;584,14
17011;Girona;14;15;5;16;510,71;524,67;0;425,56
43018;Tarragona;0;0;0;0;0;0;0;0
25031;Lleida;0;0;0;0;0;0;0;0
25032;Lleida;3;0;2;2;0;0;0;0
8010;Barcelona;108;137;93;90;377,55;338,25;324,41;308,49
25033;Lleida;1;4;4;2;0;0;0;0
25034;Lleida;43;39;29;43;319,42;283,85;273,1;274,53
43019;Tarragona;8;2;3;11;284,38;0;0;229,55
25036;Lleida;2;0;1;2;0;0;0;0
25037;Lleida;2;3;1;0;0;0;0;0
8011;Barcelona;18;25;35;15;442,22;325,4;387,5;304,67
8012;Barcelona;37;39;34;24;344,97;339,13;295,53;294,62
17012;Girona;10;18;11;18;664,75;742,93;736,36;646,39
8013;Barcelona;22;16;15;20;630,36;494,69;438,13;453,17
8015;Barcelona;3769;3352;3133;3031;688,56;638,24;580,08;549,16
8904;Barcelona;29;43;35;27;315,27;274,64;247,23;208,35
8016;Barcelona;25;21;16;19;342;335,43;280,63;321,32
25039;Lleida;6;6;4;4;355;280;0;0
25040;Lleida;354;334;329;290;331,65;320,47;291,12;289,38
8017;Barcelona;73;60;56;55;474,38;452,51;414,21;358,84
8018;Barcelona;35;20;29;25;374,91;396;315,38;341,4
43020;Tarragona;37;30;42;41;446,19;446,17;453,81;452,32
17015;Girona;417;458;382;431;496,51;451,59;426,68;408,55
25041;Lleida;4;6;5;5;0;316,67;0;0
43021;Tarragona;4;3;2;3;0;0;0;0
8252;Barcelona;440;413;380;373;633,41;613,13;569,25;541,71
25042;Lleida;1;1;1;2;0;0;0;0
17016;Girona;27;16;18;26;513,15;433,85;560,28;407,12
25044;Lleida;0;0;1;1;0;0;0;0
43022;Tarragona;4;3;5;6;0;0;0;300
25045;Lleida;0;0;0;2;0;0;0;0
8020;Barcelona;118;102;113;99;863,74;910,91;731,65;841,67
17013;Girona;26;16;24;20;594,42;547,6;643,95;694,54
25046;Lleida;1;3;1;5;0;0;0;0
25170;Lleida;1;1;1;0;0;0;0;0
17018;Girona;13;12;9;5;521,35;500,42;510;0
25047;Lleida;8;8;7;6;305;310;297,14;282,5
25048;Lleida;29;23;16;14;356,19;374,22;291,27;366,48
43023;Tarragona;0;3;1;1;0;0;0;0
25049;Lleida;0;1;0;1;0;0;0;0
8021;Barcelona;3;1;0;1;0;0;0;0
25050;Lleida;94;90;76;100;342,74;349,39;323,26;315,17
43024;Tarragona;13;13;19;21;409,18;412,54;425,79;395,6
25051;Lleida;46;49;55;79;455,12;445,61;478,83;460,19
25052;Lleida;14;7;8;8;300,48;381,36;325,63;306,88
25053;Lleida;9;6;9;2;438,89;455;418,89;0
43025;Tarragona;2;3;2;0;0;0;0;0
43026;Tarragona;7;1;2;5;315,71;0;0;0
8022;Barcelona;357;358;353;269;356,91;343,6;319,64;322,59
17019;Girona;43;24;39;33;436,21;471,17;384,53;394,38
17020;Girona;42;45;22;35;693,33;596,17;585,68;505,38
17021;Girona;0;1;0;2;0;0;0;0
8023;Barcelona;96;122;92;115;735,41;686,06;652,32;594,15
25055;Lleida;0;2;2;2;0;0;0;0
43027;Tarragona;0;1;1;2;0;0;0;0
43028;Tarragona;32;38;47;26;526,5;475,19;442,64;473,61
17022;Girona;247;210;224;267;420,89;389,16;381,93;346,24
17234;Girona;6;6;0;3;635;580,83;0;0
43029;Tarragona;2;3;2;2;0;0;0;0
17023;Girona;949;882;904;887;494,5;451,97;430,78;424,56
17029;Girona;3;8;10;10;0;480;429,5;483,5
17024;Girona;3;8;8;5;0;1002,27;1133,75;0
43030;Tarragona;16;12;10;11;383,75;413,33;366,14;458,64
25057;Lleida;0;2;2;2;0;0;0;0
17025;Girona;29;26;26;23;513,95;499,62;456,54;510,87
25058;Lleida;123;99;91;88;315,38;317,62;286,41;286,49
43031;Tarragona;26;25;24;33;358,27;347,74;347,5;325,82
17026;Girona;8;7;11;7;634,38;539,57;406,82;416,43
8024;Barcelona;3;6;4;6;0;251,01;0;273,33
25059;Lleida;17;9;15;7;443,82;352,65;392,93;335,71
43032;Tarragona;2;2;0;0;0;0;0;0
43033;Tarragona;8;10;14;8;442,5;423,5;353,21;344,38
25056;Lleida;1;0;0;0;0;0;0;0
43034;Tarragona;8;4;3;2;401,25;0;0;0
17027;Girona;82;89;61;49;460,23;398,94;415,82;402,35
8025;Barcelona;27;37;30;28;673,52;599,32;649,67;588,04
8026;Barcelona;0;1;0;1;0;0;0;0
17028;Girona;9;2;7;8;633,33;0;388,57;431,25
43035;Tarragona;7;6;5;2;575,71;637,5;0;0
25060;Lleida;0;0;0;1;0;0;0;0
17031;Girona;2;2;2;4;0;0;0;0
17030;Girona;14;22;12;6;440;505,91;497,92;430
8027;Barcelona;3;10;3;2;0;600;0;0
25061;Lleida;0;0;0;0;0;0;0;0
43036;Tarragona;10;10;13;9;442,5;530;366,15;280,56
8028;Barcelona;13;11;17;12;729,62;597,27;534,19;527,92
8029;Barcelona;81;65;56;55;912,04;876,31;800,07;748,64
8030;Barcelona;112;107;102;90;1178,01;1147,05;900,63;1014,18
17032;Girona;39;35;49;32;645,94;595,58;775,26;553,7
8031;Barcelona;69;66;52;39;310,5;314,94;269,14;288,67
43037;Tarragona;671;560;563;538;541,31;492,32;465,35;449,17
8034;Barcelona;11;16;13;10;429,09;439,69;588,46;371
17033;Girona;111;124;107;104;597,98;588,1;534,61;491,52
8033;Barcelona;382;345;314;351;622,26;585,12;565,58;511,23
8032;Barcelona;79;63;66;73;787,74;734,29;637,15;680,34
8035;Barcelona;541;568;571;609;515,33;490,31;459,21;454
8037;Barcelona;40;54;34;33;507,48;472,02;430,44;408,88
8038;Barcelona;57;31;58;48;345,69;361,92;354,65;389,54
8036;Barcelona;2;0;2;0;0;0;0;0
17034;Girona;210;147;183;177;540,74;517,19;519,6;471,95
25062;Lleida;3;3;9;5;0;0;418,78;0
43903;Tarragona;17;13;15;4;257,06;368,08;269,33;0
43038;Tarragona;635;584;580;590;527,71;500,05;491,84;470,07
17035;Girona;3;2;2;2;0;0;0;0
17036;Girona;23;19;27;35;421,49;360,26;311,85;334,24
17037;Girona;0;0;2;0;0;0;0;0
8039;Barcelona;9;7;13;11;658,33;715,01;506,54;600,45
17038;Girona;1;1;3;3;0;0;0;0
17039;Girona;23;28;22;12;468,83;402,75;386,59;422,08
25063;Lleida;0;0;0;0;0;0;0;0
17040;Girona;8;2;3;5;834,38;0;0;0
8040;Barcelona;287;286;249;249;609,72;549,95;529,8;495,61
43907;Tarragona;103;125;93;92;413,76;382,41;350,86;356,94
8041;Barcelona;251;207;188;197;550,52;475,73;474,13;411,86
8042;Barcelona;20;24;24;17;867,65;735,08;660,42;697,29
17041;Girona;3;3;4;5;0;0;0;0
8043;Barcelona;38;40;36;40;774,69;882,5;853;744,38
43039;Tarragona;2;0;0;0;0;0;0;0
43040;Tarragona;3;2;1;1;0;0;0;0
8044;Barcelona;88;88;70;85;437,39;408,81;357,25;332,09
17042;Girona;13;9;9;15;430,77;414,44;544,44;417,67
8045;Barcelona;0;0;0;0;0;0;0;0
8046;Barcelona;402;369;335;362;643,63;615,64;565,75;529,9
8047;Barcelona;73;50;57;50;298,43;307,13;287,91;270,01
8048;Barcelona;7;8;3;6;350;405,63;0;405,83
43041;Tarragona;1;1;0;0;0;0;0;0
17044;Girona;142;135;141;149;510,61;472,44;460,79;442,38
8049;Barcelona;26;20;17;17;360,77;339,25;295,88;340
8057;Barcelona;0;0;0;0;0;0;0;0
25904;Lleida;0;0;0;1;0;0;0;0
25064;Lleida;0;2;0;1;0;0;0;0
8052;Barcelona;0;1;2;1;0;0;0;0
8050;Barcelona;4;0;1;1;0;0;0;0
8051;Barcelona;316;324;359;340;661,81;628,74;590,82;537,94
8053;Barcelona;53;54;54;51;450,34;447,01;408,52;457,43
8054;Barcelona;139;160;136;159;666,51;640,51;614,64;602,31
8055;Barcelona;8;10;8;9;503,75;480;603,13;688,89
25067;Lleida;5;2;4;5;0;0;0;0
8056;Barcelona;1445;1222;1118;1111;919,9;913,77;843,97;805,65
8058;Barcelona;20;15;16;16;622,86;637,67;501,81;420,19
17046;Girona;8;9;10;12;428,13;318,98;231,47;286,04
8060;Barcelona;1;3;0;1;0;0;0;0
8059;Barcelona;0;2;0;2;0;0;0;0
8061;Barcelona;29;25;30;33;566,71;494,8;483,57;421,36
8062;Barcelona;4;3;8;4;0;0;588,76;0
25068;Lleida;5;4;4;5;0;0;0;0
25069;Lleida;7;3;2;2;229,51;0;0;0
17047;Girona;214;179;190;173;513,57;501,16;438,29;480,46
8063;Barcelona;7;3;1;3;721,86;0;0;0
17048;Girona;160;140;126;112;594,36;561,94;519,87;520,02
25070;Lleida;8;4;7;3;321,88;0;303,57;0
8064;Barcelona;72;67;47;56;457,43;425,4;422,77;415,58
43042;Tarragona;13;12;8;17;753,58;680;493,75;719,12
8065;Barcelona;12;8;7;7;460,83;535,63;489,29;401,43
8066;Barcelona;16;20;25;23;791,25;624,25;605,2;623,91
43043;Tarragona;48;27;24;29;586,19;575,56;510;739,66
25071;Lleida;0;0;0;1;0;0;0;0
17189;Girona;22;20;20;10;451,82;425,75;395,75;350,5
17049;Girona;94;114;89;82;558,46;523,13;497,47;485,96
8067;Barcelona;179;150;165;177;498,98;479,07;433,84;404,23
8268;Barcelona;12;17;10;16;311,67;284,89;243;289,69
8266;Barcelona;1006;911;806;909;723,35;698,95;643,88;618,06
8068;Barcelona;115;115;122;98;786,24;764,18;679,1;685,71
25072;Lleida;192;179;139;146;295,4;276,9;287,31;272,31
25073;Lleida;2;4;5;2;0;0;0;0
17050;Girona;11;12;13;7;481,36;535,42;517,95;561,43
17051;Girona;1;5;1;5;0;0;0;0
25074;Lleida;4;1;0;1;0;0;0;0
25075;Lleida;0;1;1;0;0;0;0;0
25076;Lleida;0;0;0;3;0;0;0;0
17054;Girona;9;12;3;4;404,18;503,75;0;0
25077;Lleida;8;2;6;0;241,25;0;283,29;0
8069;Barcelona;27;32;35;34;800;852,68;721,86;739,03
43045;Tarragona;0;1;3;2;0;0;0;0
8070;Barcelona;3;3;3;1;0;0;0;0
17055;Girona;4;1;3;0;0;0;0;0
25163;Lleida;4;5;15;0;0;0;200,6;0
25161;Lleida;2;0;0;0;0;0;0;0
43046;Tarragona;0;0;1;0;0;0;0;0
43047;Tarragona;130;91;119;79;357,48;326,3;318;307,8
8071;Barcelona;1;2;1;2;0;0;0;0
8072;Barcelona;317;264;238;266;676,32;655,05;642,47;567,34
43048;Tarragona;9;2;2;1;231,11;0;0;0
25078;Lleida;2;5;4;4;0;0;0;0
17057;Girona;13;11;17;14;540,38;570,91;499,12;451,79
8073;Barcelona;1682;1574;1299;1279;664,95;602,45;566,36;537,03
17056;Girona;38;56;28;17;540;544,73;507,73;610
43049;Tarragona;11;12;9;6;413,18;422,5;315,89;346,67
43050;Tarragona;102;105;91;81;554,99;484,14;465,75;415,77
17058;Girona;2;0;3;2;0;0;0;0
17901;Girona;13;14;10;12;692,31;629,17;624;493,9
8074;Barcelona;378;321;316;292;657,18;615,66;580,73;545,15
25079;Lleida;10;5;1;4;437;0;0;0
43051;Tarragona;292;259;241;234;552,22;533,67;479,58;470,9
17060;Girona;15;11;15;8;408,33;505,91;374,33;425,62
17061;Girona;2;4;4;5;0;0;0;0
43901;Tarragona;91;88;76;59;292,28;285,28;270,14;263,03
8075;Barcelona;89;96;74;85;783,65;763,55;711,08;659,88
43053;Tarragona;5;7;5;5;0;348,57;0;0
17062;Girona;183;161;153;163;523,36;480,18;473,1;457,54
8076;Barcelona;380;309;312;317;581,26;545,26;506,48;475,57
17063;Girona;8;6;5;8;450;403,33;0;397,5
25081;Lleida;1;3;1;1;0;0;0;0
43054;Tarragona;36;31;22;25;415,56;338,06;356,82;340,4
8077;Barcelona;853;718;614;599;814,91;772,99;740,45;687,72
17064;Girona;5;3;6;3;0;0;516,67;0
17065;Girona;2;4;3;3;0;0;0;0
25082;Lleida;0;1;1;2;0;0;0;0
8078;Barcelona;1;2;1;3;0;0;0;0
8254;Barcelona;33;34;30;23;391,85;389,12;371,98;376
25088;Lleida;1;1;0;0;0;0;0;0
8079;Barcelona;9;7;6;4;434,44;462,86;485,83;0
25085;Lleida;0;1;1;0;0;0;0;0
25086;Lleida;11;12;6;6;285,91;327,93;391,67;290
25087;Lleida;0;0;0;0;0;0;0;0
43055;Tarragona;56;65;47;45;370,5;355,34;366,71;352,56
17005;Girona;4;2;3;3;0;0;0;0
25089;Lleida;0;0;0;2;0;0;0;0
43056;Tarragona;1;0;1;0;0;0;0;0
43057;Tarragona;0;0;0;0;0;0;0;0
8134;Barcelona;20;24;27;30;508,98;551,04;518,52;405,04
8080;Barcelona;1;2;0;0;0;0;0;0
25908;Lleida;1;1;0;0;0;0;0;0
43058;Tarragona;2;1;4;0;0;0;0;0
17066;Girona;1554;1489;1448;1563;456,17;437,63;422,2;412,14
43059;Tarragona;4;3;3;0;0;0;0;0
17067;Girona;29;13;23;13;489,25;480;433,7;473,85
43060;Tarragona;14;13;13;13;291,41;333,46;287,53;320,38
25092;Lleida;7;2;2;8;956,43;0;0;621,88
8082;Barcelona;16;8;13;19;691,56;618,75;638,46;609,21
8081;Barcelona;11;2;4;4;698,18;0;0;0
17068;Girona;2;5;2;2;0;0;0;0
8083;Barcelona;21;27;31;28;474,81;456,48;424,35;419,11
25093;Lleida;1;0;0;0;0;0;0;0
8084;Barcelona;4;9;9;4;0;672,22;543,89;0
17069;Girona;13;5;9;8;735,31;0;672,22;581,25
17070;Girona;0;0;0;0;0;0;0;0
17071;Girona;3;7;4;4;0;634,29;0;0
8085;Barcelona;6;18;13;11;638,33;522,22;410;453,18
25094;Lleida;0;1;0;0;0;0;0;0
17902;Girona;20;21;18;40;516,5;466,19;799,26;431,07
43061;Tarragona;0;1;0;0;0;0;0;0
17073;Girona;33;36;34;27;844,84;644,03;628,01;602,78
17074;Girona;5;8;9;4;0;527,5;453,89;0
8086;Barcelona;432;382;414;454;610,89;563,43;512,07;484,41
43062;Tarragona;1;1;1;1;0;0;0;0
25096;Lleida;11;5;12;5;324,55;0;305,19;0
25097;Lleida;0;1;0;0;0;0;0;0
8090;Barcelona;3;1;0;0;0;0;0;0
43063;Tarragona;2;4;5;0;0;0;0;0
8087;Barcelona;2;1;1;2;0;0;0;0
43064;Tarragona;17;11;7;26;268,05;297,73;255;219,99
43065;Tarragona;0;1;1;1;0;0;0;0
43066;Tarragona;2;0;0;1;0;0;0;0
8088;Barcelona;452;369;348;347;681,23;651,76;592,56;544,85
17075;Girona;9;11;3;8;625,26;664,09;0;888,75
17076;Girona;5;6;3;3;0;687,5;0;0
17077;Girona;21;12;14;9;430;558,33;586,93;622,56
8089;Barcelona;737;620;494;601;843,41;820,29;749,79;716,15
25098;Lleida;0;1;0;0;0;0;0;0
8091;Barcelona;182;159;165;178;514,92;503,69;459,11;434,06
17078;Girona;8;7;4;4;696,25;740;0;0
25912;Lleida;3;3;1;0;0;0;0;0
43067;Tarragona;4;4;3;4;0;0;0;0
17079;Girona;3677;3267;3131;3316;597,75;561,03;515,46;485,63
8092;Barcelona;89;82;65;49;303,15;286,69;280,54;259,54
8093;Barcelona;0;0;0;0;0;0;0;0
43068;Tarragona;0;0;1;0;0;0;0;0
25099;Lleida;5;8;7;2;0;400;410;0
17080;Girona;3;3;3;2;0;0;0;0
25100;Lleida;7;1;3;9;422,86;0;0;368,33
8094;Barcelona;27;23;25;29;480,03;553,27;389,23;433,38
25101;Lleida;1;2;3;0;0;0;0;0
8095;Barcelona;1;0;2;1;0;0;0;0
25102;Lleida;5;2;1;3;0;0;0;0
8096;Barcelona;1372;1334;1215;1212;632,59;582,41;531,15;491,53
25103;Lleida;0;1;0;2;0;0;0;0
25105;Lleida;0;0;0;1;0;0;0;0
25104;Lleida;0;0;0;0;0;0;0;0
43069;Tarragona;2;0;2;1;0;0;0;0
8097;Barcelona;29;24;20;32;602,41;619,58;504,49;519,22
17081;Girona;4;2;4;4;0;0;0;0
8099;Barcelona;20;18;12;15;309,09;321,67;293,75;288,33
43070;Tarragona;4;6;0;1;0;365;0;0
17082;Girona;6;9;7;8;911,67;666,67;1245,71;381,25
25109;Lleida;1;2;1;2;0;0;0;0
25903;Lleida;3;1;2;2;0;0;0;0
25110;Lleida;90;130;141;116;383,27;356,92;350,29;348,98
25111;Lleida;0;0;0;1;0;0;0;0
8100;Barcelona;9;12;10;13;533,89;614,17;574;560
43071;Tarragona;10;5;3;2;410,5;0;0;0
8101;Barcelona;6355;5762;5242;5077;653,27;608,25;554,74;521,68
8162;Barcelona;40;60;44;46;602,13;504,83;461,68;483,7
17083;Girona;115;87;90;91;451,39;435,13;425,57;388,3
8102;Barcelona;786;797;864;801;447,84;416,74;368,47;343,75
25115;Lleida;8;2;1;5;387,5;0;0;0
17084;Girona;4;4;5;3;0;0;0;0
25112;Lleida;0;0;1;0;0;0;0;0
25113;Lleida;8;12;7;12;297,5;287,5;284,29;306,25
25114;Lleida;0;0;0;0;0;0;0;0
17085;Girona;0;2;1;2;0;0;0;0
17086;Girona;116;154;118;126;441,38;434,2;424,83;405,17
8103;Barcelona;14;13;13;11;511,07;442,31;428,85;353,64
25910;Lleida;2;1;1;1;0;0;0;0
17087;Girona;8;4;2;4;578,13;0;0;0
25118;Lleida;3;2;2;2;0;0;0;0
25119;Lleida;16;20;24;17;311,6;304,5;295,21;298,65
25121;Lleida;6;6;4;0;454,92;428,33;0;0
25122;Lleida;40;18;21;23;279,94;285,56;279,86;250,87
8104;Barcelona;11;9;6;5;353,64;416,67;521,67;0
17088;Girona;8;12;13;11;648,75;571,25;475,27;560,58
25123;Lleida;1;0;0;0;0;0;0;0
25124;Lleida;1;1;1;3;0;0;0;0
8105;Barcelona;174;164;163;141;563,27;517,6;492,96;470,14
17089;Girona;153;155;159;172;492,36;413,95;414,8;377,86
17090;Girona;2;5;0;3;0;0;0;0
17091;Girona;7;6;8;3;407,14;473,33;387,5;0
17092;Girona;90;108;103;73;474,39;458,83;454,67;427,38
25125;Lleida;0;2;0;0;0;0;0;0
25126;Lleida;7;3;4;6;322,14;0;0;268,33
25120;Lleida;2581;2716;2586;2543;432,32;407,18;393,63;385,73
17093;Girona;14;16;13;18;584,64;491,9;506,81;505,19
25127;Lleida;2;1;0;0;0;0;0;0
8107;Barcelona;94;86;96;93;790,4;774,16;685,21;669,27
8108;Barcelona;38;36;42;34;795,76;791,16;703,02;628,13
25128;Lleida;0;1;0;0;0;0;0;0
8106;Barcelona;192;149;168;187;605,07;582,81;539,69;479,47
17094;Girona;40;39;23;27;551,88;693,85;421,3;498,15
43072;Tarragona;0;1;0;0;0;0;0;0
25129;Lleida;1;1;1;1;0;0;0;0
43073;Tarragona;1;0;0;0;0;0;0;0
43074;Tarragona;37;20;16;20;502,84;416,31;513,13;449
17095;Girona;731;683;752;742;485,73;449,11;424,85;415,12
17096;Girona;2;2;1;3;0;0;0;0
8109;Barcelona;3;3;1;4;0;0;0;0
17102;Girona;7;6;7;8;460,71;383,33;455,71;477,29
17103;Girona;91;71;69;58;559,39;536,06;487,4;496,5
17097;Girona;4;3;4;1;0;0;0;0
17098;Girona;2;4;9;3;0;0;836,11;0
25133;Lleida;2;0;1;3;0;0;0;0
25130;Lleida;1;0;0;0;0;0;0;0
8110;Barcelona;364;336;320;316;550,86;495,21;471,15;470,03
8111;Barcelona;0;2;1;3;0;0;0;0
8112;Barcelona;358;359;323;342;412,74;380,19;360,54;359,65
8113;Barcelona;2025;2035;2027;1987;432,33;396,41;363,85;344,9
43076;Tarragona;12;5;7;8;292,92;0;287,86;283,12
43075;Tarragona;0;0;0;0;0;0;0;0
8242;Barcelona;2;4;6;1;0;0;471,67;0
8114;Barcelona;421;398;351;361;574,79;554,94;501,19;472,34
8115;Barcelona;91;76;75;56;545,4;525,1;499,46;453,31
43077;Tarragona;1;0;0;0;0;0;0;0
17100;Girona;7;5;1;4;546,43;0;0;0
43078;Tarragona;5;5;8;3;0;0;262,5;0
8116;Barcelona;3;1;5;5;0;0;0;0
8117;Barcelona;24;21;24;24;462,71;384,52;355,97;380,54
43079;Tarragona;5;7;7;8;0;350;318,57;388,13
8118;Barcelona;592;509;491;504;823,89;791,31;725,34;673,84
43080;Tarragona;1;4;2;2;0;0;0;0
43081;Tarragona;9;4;4;2;527,78;0;0;0
8119;Barcelona;144;126;112;133;566,35;569,78;506,5;473,68
43082;Tarragona;2;1;0;3;0;0;0;0
25131;Lleida;2;0;1;0;0;0;0;0
17101;Girona;13;5;3;8;527,31;0;0;392,5
25132;Lleida;0;0;2;1;0;0;0;0
8120;Barcelona;140;107;116;102;932,82;954,32;877,56;896,01
8121;Barcelona;3026;2964;2851;3023;628,68;576,51;539,72;503,31
8122;Barcelona;47;33;42;22;494,85;467,58;450,67;429,09
25134;Lleida;4;8;2;6;0;379,38;0;293,33
17099;Girona;1;0;0;0;0;0;0;0
17105;Girona;11;4;3;4;351,36;0;0;0
43083;Tarragona;0;0;0;1;0;0;0;0
25135;Lleida;5;2;5;6;0;0;0;308,33
43084;Tarragona;2;3;6;1;0;0;216,67;0
8138;Barcelona;161;152;169;138;457,78;454,01;412,15;391,05
43085;Tarragona;6;1;1;0;271,67;0;0;0
8123;Barcelona;471;424;370;347;720,43;679,51;629,78;593,86
25137;Lleida;383;392;405;307;357,07;355,48;331,12;328,16
17106;Girona;1;2;5;6;0;0;0;448,33
8124;Barcelona;859;775;737;769;603,2;558,58;517,05;495,01
17107;Girona;3;3;0;1;0;0;0;0
25136;Lleida;0;0;0;0;0;0;0;0
8128;Barcelona;11;5;6;4;367,15;0;433,33;0
8127;Barcelona;100;84;87;75;403,55;423,51;359,35;331,34
17109;Girona;15;15;14;10;514;513;471,79;520
43086;Tarragona;109;70;80;75;378,37;362,06;343,1;317,84
43088;Tarragona;71;62;44;47;394,77;379,93;348,35;354,36
8125;Barcelona;482;459;462;475;603,78;556,63;535,44;517,28
8130;Barcelona;1;0;0;1;0;0;0;0
25139;Lleida;17;5;11;10;412,45;0;549,44;367,4
8131;Barcelona;23;25;22;15;363,04;378,8;295,32;316,67
25140;Lleida;10;11;11;9;450;463,18;534,55;495
43089;Tarragona;5;4;3;3;0;0;0;0
25138;Lleida;2;3;4;1;0;0;0;0
8126;Barcelona;233;221;159;196;833,36;835,04;740,58;679,18
8132;Barcelona;9;4;4;3;326,11;0;0;0
8133;Barcelona;0;1;2;1;0;0;0;0
43090;Tarragona;11;5;10;5;507,45;0;425;0
8135;Barcelona;130;120;95;98;564,67;535,83;526,87;477,68
25142;Lleida;2;1;3;2;0;0;0;0
25141;Lleida;3;0;1;1;0;0;0;0
25143;Lleida;2;3;0;2;0;0;0;0
8136;Barcelona;276;219;240;192;583,84;550,69;497,27;529,96
43091;Tarragona;2;0;1;0;0;0;0;0
17110;Girona;7;8;6;7;928,57;584,38;808,86;920
43092;Tarragona;169;159;163;150;456,41;480,04;446,33;427,07
8137;Barcelona;17;8;6;10;476,47;600;458,33;412,5
43093;Tarragona;111;64;70;74;322,16;301,94;309,3;307,65
43094;Tarragona;24;20;23;21;272,71;267,1;312,17;276,96
43095;Tarragona;92;87;89;82;409,01;394,22;397,58;382,87
43096;Tarragona;2;0;2;0;0;0;0;0
8129;Barcelona;6;8;4;4;539,81;587,5;0;0
8139;Barcelona;2;0;0;5;0;0;0;0
25145;Lleida;0;0;0;0;0;0;0;0
25025;Lleida;12;5;15;15;541,41;0;687,3;835,02
8140;Barcelona;100;102;110;93;419,46;380,69;348,83;358,9
8141;Barcelona;129;169;108;118;345,54;304,13;296,11;289,84
17111;Girona;34;32;36;25;669,43;596,72;584,03;624
25146;Lleida;3;2;1;0;0;0;0;0
8142;Barcelona;4;2;1;0;0;0;0;0
43097;Tarragona;7;8;7;4;401,43;337,5;417,86;0
43098;Tarragona;4;7;4;1;0;470,71;0;0
25148;Lleida;1;6;1;2;0;321,67;0;0
8143;Barcelona;44;41;48;34;453,69;431,25;362,16;374,85
17112;Girona;3;2;2;2;0;0;0;0
8145;Barcelona;30;33;24;21;656,03;648,94;592,08;587,38
8146;Barcelona;14;14;10;11;689,64;701,43;650;650
8147;Barcelona;365;353;333;338;569,6;525,08;499,18;460,04
25149;Lleida;18;4;9;17;250;0;271,67;243,82
25150;Lleida;0;0;0;0;0;0;0;0
25151;Lleida;11;10;3;6;545;400;0;398,33
8148;Barcelona;58;58;67;60;916,29;927,5;819,85;911,17
8149;Barcelona;13;7;7;9;421,15;494,29;331,43;380
17114;Girona;880;930;841;842;419,54;396,18;361,14;349,79
25152;Lleida;2;1;1;0;0;0;0;0
8144;Barcelona;16;9;3;9;326,88;376,11;0;243,89
25153;Lleida;1;0;0;1;0;0;0;0
25154;Lleida;0;1;0;0;0;0;0;0
17115;Girona;5;2;3;3;0;0;0;0
25155;Lleida;6;6;7;2;315;345,83;264,43;0
8150;Barcelona;0;3;2;0;0;0;0;0
8151;Barcelona;4;3;1;3;0;0;0;0
8152;Barcelona;1;0;2;2;0;0;0;0
8153;Barcelona;19;15;12;15;601,42;559;847,08;501,33
25156;Lleida;3;8;5;2;0;365,8;0;0
17116;Girona;6;9;3;3;379,17;388,33;0;0
25157;Lleida;0;0;0;0;0;0;0;0
8154;Barcelona;4;7;6;2;0;851,29;559,17;0
8155;Barcelona;131;124;107;109;494,89;474,03;462,14;451,42
17117;Girona;387;385;388;431;482,92;439,29;404,7;391,1
17118;Girona;318;336;296;267;545,19;506,58;484,41;467,15
25158;Lleida;29;14;15;15;372,73;396,43;400;352
17119;Girona;2;1;1;0;0;0;0;0
17121;Girona;1;3;1;3;0;0;0;0
17120;Girona;7;5;8;10;531,43;0;490,63;486,02
8156;Barcelona;164;135;146;130;720,29;679,51;631,96;594,01
43100;Tarragona;16;22;13;26;693,44;597,73;590,38;520,38
8157;Barcelona;114;114;97;108;732,5;741,48;685,36;588,41
8905;Barcelona;80;63;68;68;663,1;638,97;581,71;560,07
43099;Tarragona;0;0;0;0;0;0;0;0
17123;Girona;2;3;0;1;0;0;0;0
17124;Girona;15;18;11;10;962;623,61;558,18;495
8158;Barcelona;59;45;42;36;704,93;668,27;518,66;558,61
17125;Girona;3;0;0;0;0;0;0;0
8159;Barcelona;247;242;227;235;655,65;620,92;569,73;531,62
17126;Girona;7;3;2;3;771,43;0;0;0
43101;Tarragona;0;0;0;0;0;0;0;0
17128;Girona;4;4;3;3;0;0;0;0
43102;Tarragona;1;0;0;1;0;0;0;0
17129;Girona;1;1;1;0;0;0;0;0
25164;Lleida;1;2;2;4;0;0;0;0
17130;Girona;4;2;4;5;0;0;0;0
8160;Barcelona;2;2;3;3;0;0;0;0
43103;Tarragona;17;17;12;13;435,29;451,65;447,92;451,54
17132;Girona;52;55;51;51;609,37;614,36;639,36;621,37
25165;Lleida;2;2;5;4;0;0;0;0
43104;Tarragona;22;14;8;8;291,36;323,93;277,5;268,13
8161;Barcelona;217;189;215;244;546,5;501,84;475,92;455,36
43105;Tarragona;3;0;3;0;0;0;0;0
8163;Barcelona;663;598;648;660;522,39;476,43;466,41;459,04
43106;Tarragona;2;1;0;2;0;0;0;0
25166;Lleida;2;2;0;0;0;0;0;0
25167;Lleida;0;2;5;1;0;0;0;0
43107;Tarragona;4;1;3;5;0;0;0;0
43108;Tarragona;40;49;31;35;410,49;384,29;355,97;367,42
8164;Barcelona;15;29;33;18;426,67;438,1;392,93;402,78
17133;Girona;19;15;17;17;408,16;345,49;362,35;390,29
17134;Girona;3;5;2;2;0;0;0;0
25911;Lleida;2;4;3;1;0;0;0;0
25168;Lleida;6;5;2;4;366,67;0;0;0
25169;Lleida;1;1;0;2;0;0;0;0
8165;Barcelona;12;27;16;18;441,41;441,85;357,5;404,72
8166;Barcelona;15;12;15;8;282,78;295,42;296,88;303,13
43109;Tarragona;102;96;75;74;439,68;394,88;383,73;381,64
43110;Tarragona;0;0;1;2;0;0;0;0
43111;Tarragona;54;59;51;40;494,4;470,03;471,45;407,5
25171;Lleida;67;28;33;38;301,65;289,7;260,58;246,3
43112;Tarragona;1;2;0;1;0;0;0;0
8167;Barcelona;125;116;59;77;631,43;526,04;563,8;521,76
43113;Tarragona;7;6;7;6;453,57;385;344,29;370
25030;Lleida;0;0;0;2;0;0;0;0
17135;Girona;10;7;15;12;465;405,71;411,67;389,17
25173;Lleida;33;40;33;19;344,62;351,5;360,45;345
8182;Barcelona;63;48;73;55;390,83;377,27;372,71;339,96
43141;Tarragona;1;0;1;0;0;0;0;0
8168;Barcelona;5;13;9;3;0;344,23;302,22;0
17136;Girona;4;7;3;3;0;607,14;0;0
25172;Lleida;23;29;28;30;295,65;276,55;255,71;312,62
17137;Girona;26;28;39;29;635,77;531,25;451,21;453,86
43114;Tarragona;2;1;2;1;0;0;0;0
17140;Girona;31;21;18;27;553,65;484,83;479,61;425,33
17138;Girona;10;8;9;3;344;283,75;380,56;0
25174;Lleida;6;9;11;6;396,67;395,56;325,91;412,5
43115;Tarragona;1;0;1;1;0;0;0;0
43116;Tarragona;5;5;5;8;0;0;0;298,12
43117;Tarragona;1;0;0;0;0;0;0;0
8169;Barcelona;895;720;715;742;710,22;636,62;612,85;590,49
43118;Tarragona;4;4;3;3;0;0;0;0
8171;Barcelona;30;22;19;21;355,32;360,68;314,74;353,81
8170;Barcelona;7;9;3;2;324,06;299,63;0;0
25175;Lleida;10;8;5;2;657,5;777,13;0;0
25176;Lleida;1;1;2;1;0;0;0;0
25177;Lleida;3;2;1;0;0;0;0;0
8230;Barcelona;149;126;126;121;922,71;884,7;834,95;760,91
8172;Barcelona;772;576;584;578;723,39;696,31;628,14;600,94
17139;Girona;15;12;19;15;439,2;388,56;347,98;338,06
25179;Lleida;5;0;3;3;0;0;0;0
17141;Girona;300;272;298;276;490,99;456,92;432,98;408,96
8174;Barcelona;10;18;31;9;607;884,17;917,74;437,78
25180;Lleida;2;1;1;0;0;0;0;0
43119;Tarragona;14;17;17;16;402,86;390,59;388,82;424,06
8175;Barcelona;73;69;40;32;335,78;312,2;304,3;310,99
25181;Lleida;3;1;0;1;0;0;0;0
25182;Lleida;4;3;3;6;0;0;0;418,33
8176;Barcelona;0;1;0;0;0;0;0;0
8177;Barcelona;0;1;3;1;0;0;0;0
17142;Girona;39;46;33;23;676,28;582,17;542,7;590,43
17043;Girona;3;2;5;0;0;0;0;0
43120;Tarragona;6;2;5;2;483,33;0;0;0
17143;Girona;4;2;6;6;0;0;541,67;658,33
8178;Barcelona;11;11;10;7;620,16;512,86;403,75;461,96
43121;Tarragona;2;1;5;1;0;0;0;0
17144;Girona;2;2;0;2;0;0;0;0
8179;Barcelona;11;13;11;14;510,56;444,62;494,09;469,64
43122;Tarragona;1;2;0;1;0;0;0;0
43123;Tarragona;2503;2382;2397;2563;442,22;410,9;395,05;380,52
25183;Lleida;17;13;12;16;328,53;324,23;280,83;295,31
43124;Tarragona;9;5;4;8;330,56;0;0;223,69
43125;Tarragona;6;7;3;2;324,17;341,43;0;0
25905;Lleida;4;3;4;3;0;0;0;0
25185;Lleida;11;19;6;12;450,91;387,74;466,67;409,58
17145;Girona;31;26;16;18;412,55;444,81;327;358,89
17146;Girona;56;57;57;46;652,24;589,79;523,26;542,5
43126;Tarragona;21;29;17;18;505,8;471,95;441,66;418,37
25186;Lleida;4;0;4;1;0;0;0;0
17147;Girona;279;218;230;196;369,2;351,14;333,3;317,36
8180;Barcelona;601;650;510;565;616,33;540,39;509,55;502,8
25913;Lleida;4;5;5;0;0;0;0;0
17148;Girona;30;30;28;19;568,67;510;493,68;532,37
17149;Girona;16;5;3;6;452,5;0;0;477
43127;Tarragona;8;8;11;11;530;379,38;424,36;471,67
43128;Tarragona;17;23;22;29;485,29;391,96;393,18;372,41
17150;Girona;24;19;27;24;569,75;592,11;520,42;440,05
43129;Tarragona;107;87;101;77;429,2;396,9;376,57;349,51
17151;Girona;1;6;7;1;0;567,5;511,43;0
8181;Barcelona;154;150;135;118;681,88;608,78;610,28;575,96
43130;Tarragona;3;1;4;1;0;0;0;0
43131;Tarragona;147;147;118;165;510,78;490,49;460,45;438,57
8183;Barcelona;132;136;96;86;437,27;387,44;374,13;353,21
43132;Tarragona;5;8;9;13;0;332,5;325,56;294,05
43133;Tarragona;140;134;136;124;372,04;355,39;350,15;298,68
17152;Girona;437;442;429;395;481,24;470,23;440,35;454,62
25189;Lleida;37;30;36;14;393,43;411,8;345,97;387,64
43134;Tarragona;9;3;2;3;347,22;0;0;0
8184;Barcelona;1376;1241;1161;1182;630,48;582,26;537,04;495,96
8185;Barcelona;3;4;3;1;0;0;0;0
17153;Girona;4;3;3;1;0;0;0;0
8901;Barcelona;3;3;2;2;0;0;0;0
8187;Barcelona;4169;3957;3705;3643;632,54;589,2;542,01;507,99
8188;Barcelona;0;1;1;0;0;0;0;0
25190;Lleida;7;2;3;1;287,14;0;0;0
8190;Barcelona;5;2;2;1;0;0;0;0
17154;Girona;0;1;0;0;0;0;0;0
8191;Barcelona;70;62;61;50;420,7;337,47;331,75;341,6
43135;Tarragona;5;10;9;7;0;446,5;334,44;330,71
43905;Tarragona;647;636;602;585;506,81;468,66;459,83;444,42
17155;Girona;633;634;624;693;455,98;392,63;390,37;376,35
25191;Lleida;5;7;0;0;0;334,43;0;0
8194;Barcelona;492;414;446;497;699,57;654,08;588,46;559,15
8195;Barcelona;1;3;1;1;0;0;0;0
8196;Barcelona;422;329;388;348;636,23;606,73;544,2;522,17
8197;Barcelona;267;227;204;218;907,12;837,38;770,48;766,87
17157;Girona;1;1;0;0;0;0;0;0
17183;Girona;4;3;3;1;0;0;0;0
8198;Barcelona;136;108;132;110;659,49;607,05;556,05;550,18
8199;Barcelona;6;9;10;7;496,67;474,44;444,5;400,29
8200;Barcelona;1268;1128;1047;1097;673,41;639,59;590,69;551,59
8201;Barcelona;6;8;4;6;370,83;300,63;0;365
43136;Tarragona;269;228;235;247;325,91;290,42;293,47;261,42
8203;Barcelona;51;35;38;55;717,93;568,41;616,18;609,55
8202;Barcelona;371;296;282;327;541,8;505,98;466,81;434,55
8204;Barcelona;79;67;54;49;693,65;660,24;599,63;586,53
17158;Girona;18;16;19;6;430,56;469,69;447,47;387,5
8205;Barcelona;2172;1975;1513;1587;1149,55;1095,85;996,07;897,54
8206;Barcelona;6;8;14;5;417,5;568,75;555,71;0
25196;Lleida;0;1;0;0;0;0;0;0
8207;Barcelona;75;50;66;78;630,75;623,08;588,08;510,79
8208;Barcelona;160;120;114;136;769,38;774,47;662,86;666,91
17159;Girona;11;7;7;11;525,45;646,43;932,86;535
8210;Barcelona;229;224;197;189;524,28;495,01;442,86;398,73
17160;Girona;460;459;485;451;535,23;500,09;464,26;458,74
8211;Barcelona;632;567;613;597;756,08;729,24;632,7;596,59
17161;Girona;42;37;24;20;369,52;390,68;315,83;306
8212;Barcelona;2;7;4;6;0;335,71;0;318,89
17162;Girona;1;2;1;1;0;0;0;0
8209;Barcelona;79;76;55;91;829,91;749,17;709,12;721,1
8213;Barcelona;154;141;111;90;485,2;419,38;409,47;433,41
17163;Girona;63;49;47;38;711,54;669,17;646,61;501,64
25192;Lleida;15;12;11;17;259,47;209,17;224,55;281,18
25197;Lleida;0;0;0;0;0;0;0;0
17164;Girona;116;108;118;97;347,83;335,88;328,84;315,9
8215;Barcelona;35;36;40;39;432,71;397,08;351,88;335,92
8193;Barcelona;13;22;24;12;765,38;552,63;580,54;511,67
8216;Barcelona;0;0;2;0;0;0;0;0
17165;Girona;23;16;5;19;422,25;397,8;0;375
43137;Tarragona;33;33;34;25;502,88;491,82;448,44;413,6
43902;Tarragona;27;23;20;17;291,82;293,22;263,31;297,94
17167;Girona;34;57;30;30;339,7;322,31;313,73;283,55
17168;Girona;7;5;7;4;681,57;0;1068,57;0
8218;Barcelona;114;120;134;138;459,5;399,08;384,52;364,82
8217;Barcelona;613;452;431;502;814,73;754,45;697,11;650,64
17185;Girona;46;47;64;44;420,89;370,92;355,75;343,57
17166;Girona;23;7;10;11;455,87;521,86;505;434,73
8903;Barcelona;5;2;5;3;0;0;0;0
17169;Girona;50;47;34;41;592,98;640,38;582,33;536,05
8220;Barcelona;41;30;33;39;449,77;408,65;432,96;422,82
17903;Girona;33;12;26;13;466,44;383,33;474,33;326,15
8221;Barcelona;363;438;298;344;1058,92;891,94;1003,18;941,59
17171;Girona;7;6;4;7;407,14;475;0;384,29
25193;Lleida;15;10;10;14;326,67;257,8;273;275,48
8222;Barcelona;46;53;46;59;509,23;544,06;473,04;467,37
8223;Barcelona;52;46;50;48;454,54;400,47;356,31;362
8225;Barcelona;0;0;0;0;0;0;0;0
8224;Barcelona;43;58;48;43;487,13;390,44;390,75;376,59
17172;Girona;3;8;8;1;0;720,25;621,88;0
25902;Lleida;3;6;0;3;0;331,67;0;0
8226;Barcelona;5;4;9;6;0;0;544,44;491,67
8227;Barcelona;52;35;50;34;523,07;480,43;436,26;425,66
8228;Barcelona;3;2;6;3;0;0;333,33;0
17173;Girona;1;2;3;3;0;0;0;0
8229;Barcelona;4;4;7;6;0;0;480;382,83
17174;Girona;1;0;0;2;0;0;0;0
17175;Girona;6;3;4;4;663,08;0;0;0
17176;Girona;2;1;4;3;0;0;0;0
17177;Girona;13;12;9;8;488,85;384,5;325;268,13
8231;Barcelona;529;488;458;457;702,77;660,32;604,72;567,6
8232;Barcelona;36;25;34;23;494,03;436,6;417,21;348,04
8233;Barcelona;21;23;17;20;342,21;325,56;329,2;357,66
8234;Barcelona;43;40;40;40;802,88;709,75;761,3;641,25
17178;Girona;50;47;53;56;448,9;402,02;412,01;380,24
8189;Barcelona;0;2;0;2;0;0;0;0
8235;Barcelona;137;134;155;139;697,42;651,52;583,45;569,02
8236;Barcelona;54;69;38;25;393;382,18;310,63;331,68
8237;Barcelona;48;29;27;25;384,79;373,96;356,71;356,43
8238;Barcelona;223;187;202;194;782,93;740,91;737,98;703,04
8239;Barcelona;14;14;8;8;615;611,79;490;512,5
25194;Lleida;0;3;4;1;0;0;0;0
8240;Barcelona;283;265;242;238;522,59;502,16;454,68;448,56
8241;Barcelona;0;0;8;8;0;0;383,13;320
8098;Barcelona;25;23;24;24;534,76;572,32;578,96;502,83
8262;Barcelona;227;213;207;226;431,91;390,12;369,95;342,04
8264;Barcelona;109;102;104;93;1251,57;1213,69;1148,23;1049,36
8265;Barcelona;32;27;25;24;394,97;323,89;309;311,22
8263;Barcelona;304;279;278;270;674,47;646,72;584,53;565,35
43138;Tarragona;53;43;45;43;284,65;272,45;268,83;257,56
8243;Barcelona;0;0;0;1;0;0;0;0
8244;Barcelona;88;69;73;81;773,74;705,55;691,72;631,12
17180;Girona;251;262;228;242;481,32;467,88;416,82;403,73
8245;Barcelona;2110;1947;1858;1934;583,95;529,14;505,82;483,28
43139;Tarragona;42;35;27;27;287,5;339,51;274,63;295,37
17181;Girona;59;50;56;64;580,55;584,56;505,27;504,98
8246;Barcelona;28;25;29;40;497,59;515,37;461,77;437,81
8247;Barcelona;26;18;16;16;483,92;493,06;473,75;427,19
8248;Barcelona;61;55;77;61;757,16;707,73;649;636,15
8249;Barcelona;1;1;3;1;0;0;0;0
17182;Girona;4;2;7;6;0;0;416,43;508,33
8250;Barcelona;132;138;120;115;382,25;354,77;325,16;320,39
8251;Barcelona;134;93;88;93;430,22;452,84;407,1;399,1
8253;Barcelona;3;2;2;2;0;0;0;0
8256;Barcelona;8;8;7;14;581,25;565,63;522,14;577,14
8255;Barcelona;2;1;0;4;0;0;0;0
8257;Barcelona;0;1;0;0;0;0;0;0
8259;Barcelona;147;112;143;131;586,4;575,52;520,19;473,55
8258;Barcelona;12;11;5;3;396,08;460,91;0;0
43140;Tarragona;33;21;23;18;556,27;525,93;555,87;473,89
17184;Girona;13;12;12;11;483,38;520,83;510,42;505
8260;Barcelona;281;301;301;320;629,02;596,36;523,53;489,18
8261;Barcelona;46;33;35;70;748,15;708;567,46;602,24
8192;Barcelona;118;123;105;109;484,18;430,11;411,51;415,37
43142;Tarragona;10;11;7;8;352,5;372,73;332,14;327,5
17186;Girona;78;52;57;109;562,13;573,6;518,33;506,57
25201;Lleida;0;0;0;0;0;0;0;0
25200;Lleida;0;0;0;0;0;0;0;0
17187;Girona;3;8;6;7;0;463,75;570,83;587,14
43143;Tarragona;1;0;0;1;0;0;0;0
43144;Tarragona;23;33;17;24;463,7;495,63;539,71;449,05
17188;Girona;7;1;0;0;510,71;0;0;0
43145;Tarragona;60;54;60;51;437,43;442,37;401,17;421,18
43146;Tarragona;0;0;1;1;0;0;0;0
43044;Tarragona;34;40;21;21;252,15;256,63;235,64;239,05
25202;Lleida;6;4;3;7;274,17;0;0;292,86
25035;Lleida;1;2;1;2;0;0;0;0
8267;Barcelona;140;205;150;134;544,11;501,22;511,16;440,46
17190;Girona;16;9;14;17;518,31;510;398,57;437,35
25204;Lleida;8;8;7;7;354,32;360,16;338,57;368,71
17191;Girona;1;1;2;1;0;0;0;0
17192;Girona;1;4;1;1;0;0;0;0
25203;Lleida;457;516;383;358;384,32;368,95;361,87;362,16
8269;Barcelona;54;56;41;41;617,69;586,43;583,32;454,51
25205;Lleida;2;4;4;5;0;0;0;0
17193;Girona;99;102;81;79;468,65;505,46;486,38;491,43
8270;Barcelona;895;814;655;770;983,74;955,37;847,11;756,66
17052;Girona;2;2;0;1;0;0;0;0
8271;Barcelona;1;0;0;0;0;0;0;0
25206;Lleida;1;0;0;0;0;0;0;0
43147;Tarragona;7;0;2;2;337,86;0;0;0
25207;Lleida;274;185;270;255;310,04;323,64;273,86;279,85
8272;Barcelona;2;2;0;1;0;0;0;0
25208;Lleida;3;5;4;6;0;0;0;389,83
25209;Lleida;84;71;79;75;340,88;320,35;315,51;302,4
25210;Lleida;4;7;4;4;0;356,89;0;0
8273;Barcelona;24;23;18;22;506,78;490,43;437,5;473,86
25211;Lleida;2;2;1;2;0;0;0;0
25212;Lleida;4;3;3;3;0;0;0;0
8274;Barcelona;71;47;32;32;373,6;370,16;365,56;328,34
17194;Girona;3;0;1;1;0;0;0;0
8276;Barcelona;3;2;6;5;0;0;545,36;0
8277;Barcelona;5;6;10;2;0;346,67;394,83;0
25215;Lleida;5;2;1;4;0;0;0;0
25216;Lleida;0;2;0;1;0;0;0;0
17195;Girona;2;3;0;1;0;0;0;0
8278;Barcelona;146;141;154;128;483,52;437,2;410,16;387,22
43148;Tarragona;4321;4241;3956;4010;513,78;476,75;447,67;431,53
25217;Lleida;299;268;246;263;331,56;306,62;291,94;287,71
25218;Lleida;1;0;0;0;0;0;0;0
25219;Lleida;0;0;1;1;0;0;0;0
8275;Barcelona;2;0;0;1;0;0;0;0
8280;Barcelona;0;0;0;0;0;0;0;0
8281;Barcelona;92;87;79;82;1117,67;834,37;969,1;885,41
25220;Lleida;5;11;4;3;0;315,45;0;0
17196;Girona;11;5;6;5;638,18;0;583,33;0
8279;Barcelona;5001;4782;4264;4219;560,85;525,74;481,33;446,2
8282;Barcelona;140;91;86;91;926;930,22;896,13;762,95
25221;Lleida;1;2;1;3;0;0;0;0
25222;Lleida;0;0;0;0;0;0;0;0
43149;Tarragona;10;3;7;6;314,5;0;247,14;297,5
43150;Tarragona;5;9;5;5;0;245,67;0;0
8283;Barcelona;115;137;139;172;509,89;482,45;438,67;384,14
25223;Lleida;27;25;19;16;295,59;294;274,21;292,5
8284;Barcelona;280;225;240;291;471,96;457,09;428,31;389,32
8285;Barcelona;242;252;231;252;417,2;387,08;354,13;350,6
25224;Lleida;0;1;0;0;0;0;0;0
25225;Lleida;6;5;0;3;414,17;0;0;0
25227;Lleida;6;0;1;11;322,5;0;0;90,91
8286;Barcelona;35;44;34;25;576,43;525,3;512,21;651,32
43151;Tarragona;0;1;0;0;0;0;0;0
43152;Tarragona;0;4;0;2;0;0;0;0
25226;Lleida;0;2;0;0;0;0;0;0
43153;Tarragona;488;480;475;506;487,6;466,47;430,84;429,09
25228;Lleida;61;88;58;70;407,02;441,3;422,68;391,89
25907;Lleida;2;5;7;2;0;0;258,57;0
25230;Lleida;17;11;14;19;300,7;294,92;291,43;284,74
25231;Lleida;4;2;0;0;0;0;0;0
8287;Barcelona;16;22;19;22;505,29;413,69;402,37;450,73
8288;Barcelona;35;49;42;28;454,42;400,46;390,71;352,62
8289;Barcelona;98;89;73;97;736,6;710,98;676,89;607,6
17197;Girona;0;0;2;0;0;0;0;0
25232;Lleida;4;1;8;4;0;0;330,59;0
25233;Lleida;1;2;2;2;0;0;0;0
17198;Girona;16;16;15;13;660,34;577,81;441,7;601,54
17199;Girona;212;180;196;140;499,79;471,52;449,53;418,16
43154;Tarragona;0;0;1;1;0;0;0;0
17200;Girona;10;13;14;11;426,5;462,69;432,14;352,27
43155;Tarragona;883;793;786;719;346,42;337,72;327,78;314,33
17201;Girona;1;1;4;0;0;0;0;0
17202;Girona;95;88;74;74;512;488,37;482,11;436,78
25234;Lleida;92;88;77;85;315,5;301,89;303,26;264,71
17204;Girona;17;16;10;8;493,2;509,85;400,76;559,63
8290;Barcelona;19;21;14;23;708,1;703,1;635,36;650,45
17205;Girona;4;5;1;5;0;0;0;0
43156;Tarragona;71;65;55;31;251,83;246,88;241,64;274,78
43157;Tarragona;4;3;3;2;0;0;0;0
17203;Girona;3;3;4;2;0;0;0;0
17206;Girona;1;6;2;3;0;599,17;0;0
8291;Barcelona;79;53;49;54;746,99;726,98;675,49;562,81
17014;Girona;1;1;0;1;0;0;0;0
17208;Girona;16;10;12;14;477,19;475;450,42;508,93
25043;Lleida;12;4;9;1;423,33;0;384,21;0
25901;Lleida;3;5;3;1;0;0;0;0
17207;Girona;41;41;35;29;483,41;504,88;452,57;452,07
8292;Barcelona;14;12;12;4;437,08;441,45;502,5;0
25238;Lleida;1;1;1;2;0;0;0;0
8293;Barcelona;6;3;1;0;396,67;0;0;0
43158;Tarragona;0;0;0;1;0;0;0;0
25240;Lleida;22;16;14;8;363,73;349,06;302,33;325
17170;Girona;3;0;1;1;0;0;0;0
43159;Tarragona;1;3;1;0;0;0;0;0
8294;Barcelona;26;34;28;34;690,76;670,56;639,69;630,66
8295;Barcelona;207;200;173;219;723,51;732,79;628,46;602,08
17209;Girona;2;1;5;4;0;0;0;0
43160;Tarragona;17;17;17;16;472,06;478,53;455,59;403,44
8296;Barcelona;36;34;38;30;946,51;896,62;1040,57;901,79
43161;Tarragona;469;453;472;496;407,31;386,36;380,49;381,33
25906;Lleida;2;0;3;3;0;0;0;0
25239;Lleida;11;11;7;5;503,64;450,91;453,57;0
43162;Tarragona;70;81;73;69;463,79;433,13;458,26;401,54
25909;Lleida;0;0;0;1;0;0;0;0
8297;Barcelona;2;2;1;1;0;0;0;0
43163;Tarragona;885;793;756;755;464,49;429,26;404,17;377,41
17210;Girona;8;18;11;8;535,63;493,61;516,82;521,87
25242;Lleida;7;5;2;1;382,86;0;0;0
17211;Girona;28;19;23;16;461,79;448,74;433,26;453,44
43164;Tarragona;3;4;2;3;0;0;0;0
8298;Barcelona;1218;1198;1181;1354;522,27;494,2;455,26;441,24
17212;Girona;0;4;0;1;0;0;0;0
17213;Girona;77;83;78;57;591,62;490,53;499,62;483,37
25243;Lleida;68;49;54;60;550,09;575,84;540,91;489,19
43165;Tarragona;5;5;2;4;0;0;0;0
17214;Girona;7;16;9;18;499,29;495,31;520,56;481,94
17215;Girona;14;20;20;11;644,29;632,65;641,88;609,59
8299;Barcelona;7;9;4;4;328,57;272,78;0;0
17217;Girona;2;3;2;3;0;0;0;0
17216;Girona;3;2;2;0;0;0;0;0
8301;Barcelona;790;795;650;628;724,38;683,76;624,41;604,08
8300;Barcelona;54;46;42;34;714,26;729,86;692,36;655,48
17218;Girona;7;13;7;7;614,29;625,38;642,86;607,14
17220;Girona;19;15;23;10;422,89;503;442,39;443
17221;Girona;33;45;40;33;523,18;528,56;508,96;532,42
8305;Barcelona;930;928;846;835;518,54;491,45;445,07;407,92
25244;Lleida;7;10;9;10;430,29;306,52;211,11;317
17223;Girona;15;13;18;24;433,14;423,08;421,01;414,36
43175;Tarragona;0;0;1;1;0;0;0;0
8306;Barcelona;24;16;14;13;545,42;508,06;534,64;483,85
25245;Lleida;7;2;1;0;331,11;0;0;0
17224;Girona;3;2;2;0;0;0;0;0
43166;Tarragona;40;58;44;56;439,96;384,43;370,14;397,68
17225;Girona;3;8;5;3;0;381,25;0;0
17226;Girona;11;13;9;12;503,18;638,27;577,22;382,87
17227;Girona;2;1;2;2;0;0;0;0
25247;Lleida;0;0;0;0;0;0;0;0
17228;Girona;10;10;8;2;563,5;586;535;0
25248;Lleida;4;7;1;4;0;305;0;0
25254;Lleida;4;5;3;5;0;0;0;0
25249;Lleida;0;1;0;0;0;0;0;0
25250;Lleida;0;1;2;4;0;0;0;0
43168;Tarragona;0;0;0;1;0;0;0;0
8303;Barcelona;7;5;5;2;465,71;0;0;0
25251;Lleida;3;1;10;4;0;0;376,5;0
8302;Barcelona;187;154;151;154;399,63;359,24;346,01;324,42
8902;Barcelona;89;72;58;58;783;741,81;743,66;757,15
43167;Tarragona;2;6;2;4;0;379,17;0;0
8307;Barcelona;1330;1264;1057;1258;631,68;583,23;543,42;516,47
43169;Tarragona;4;5;3;2;0;0;0;0
43170;Tarragona;10;18;20;15;358;361,94;352,75;352,33
17230;Girona;11;15;10;9;498,18;510;450,1;448,33
25252;Lleida;3;3;1;3;0;0;0;0
43171;Tarragona;361;347;367;322;476,81;448,31;422,55;415,64
8214;Barcelona;164;150;131;144;789,1;720,33;699,02;656,74
8219;Barcelona;513;452;339;388;823,92;798,68;752,13;701,82
17222;Girona;1;4;2;3;0;0;0;0
43172;Tarragona;2;5;0;2;0;0;0;0
43173;Tarragona;2;0;1;0;0;0;0;0
43174;Tarragona;3;2;0;0;0;0;0;0
8304;Barcelona;6;3;13;8;542,17;0;635;515,63
17233;Girona;43;41;55;44;547,79;513,78;462,14;485,05
17232;Girona;1;2;2;5;0;0;0;0
25253;Lleida;0;0;1;1;0;0;0;0
43176;Tarragona;11;10;6;5;390,91;311;340;0
25255;Lleida;2;0;2;0;0;0;0;0
43177;Tarragona;2;7;1;0;0;244,29;0;0
43178;Tarragona;33;30;38;31;446,52;431,37;390,79;397,1
8308;Barcelona;0;1;1;0;0;0;0;0
43052;Tarragona;8;7;2;5;335;344,29;0;0
8019;Barcelona;4607;4977;4484;4182;914,04;828,79;739,23;675,74
8019;Barcelona;11513;10024;8457;8538;1038,38;990,73;917,27;831,44
8019;Barcelona;5769;4930;4285;4297;803,74;763,17;678,78;624,52
8019;Barcelona;2357;2131;1847;1814;1089,53;1052,3;985,94;925,45
8019;Barcelona;5305;4616;4107;4152;1268,92;1227,89;1144,71;1051,23
8019;Barcelona;5221;4851;4049;4192;904,53;856,42;787,86;721,65
8019;Barcelona;4511;4196;3656;3527;746,16;706,63;640,15;586,85
8019;Barcelona;3444;3146;2788;2724;674,59;625,51;561,07;518,8
8019;Barcelona;3285;2982;2445;2724;762,71;705,66;644,91;611
8019;Barcelona;5969;5473;4510;4473;884,51;842,33;771,41;700,56
